{"version":"5.1.207","config":{"title":"Drawing","description":"Made with Sketchpad - https://sketch.io/sketchpad","metadata":{},"clipPath":{"enabled":true,"style":{"strokeStyle":"black","lineWidth":1}},"exportDPI":72,"exportFormat":"png","exportQuality":0.95,"units":"px","width":1165,"height":800,"pages":{"length":1,"data":[{"width":1165,"height":800}]}},"resources":[{"id":10832,"type":["font"],"key":"open-sans","title":"Open Sans","value":{"italic 300":{"ttf":"https://asset.paintserver.com/ec0a127a7cebefd535e6bf605da28797.ttf","woff":"https://asset.paintserver.com/42e878d9dfe3b56f24743e371fe5ddba.woff","style":"italic","woff2":"https://asset.paintserver.com/cc71ca88a161a2b233631961ea798bee.woff2","weight":"300"},"italic 400":{"ttf":"https://asset.paintserver.com/3973e7712707dcd723b772f9a3c6d864.ttf","woff":"https://asset.paintserver.com/26081a90cd53f71b68d1c4aa2ac41320.woff","style":"italic","woff2":"https://asset.paintserver.com/f157745ea9ed6f4fdc5fad1137562ad4.woff2","weight":"400"},"italic 600":{"ttf":"https://asset.paintserver.com/b8bfe30186b3c6e070b1e00f9f488bd4.ttf","woff":"https://asset.paintserver.com/80dbc33fd1806f83a9d7cf8acf7971c4.woff","style":"italic","woff2":"https://asset.paintserver.com/1e111aadc438b7b757345d77cc5ac491.woff2","weight":"600"},"italic 700":{"ttf":"https://asset.paintserver.com/21ff6a838e641d07fe96b903edbc59fd.ttf","woff":"https://asset.paintserver.com/60471ed25ad0857486e186219dca9305.woff","style":"italic","woff2":"https://asset.paintserver.com/d824f32da0c28d61de40db7c853702ab.woff2","weight":"700"},"italic 800":{"ttf":"https://asset.paintserver.com/9706a8a35c149e58678669a66d519ab6.ttf","woff":"https://asset.paintserver.com/e425690dc91777a1abf86c00bd39a97e.woff","style":"italic","woff2":"https://asset.paintserver.com/037d76734b71bf74cf003efaa44d66c9.woff2","weight":"800"},"normal 300":{"ttf":"https://asset.paintserver.com/e69a6cee81663e7cfd480e6baf93a40a.ttf","woff":"https://asset.paintserver.com/80093af4e43c616635651b60abcacffb.woff","style":"normal","woff2":"https://asset.paintserver.com/10dbc03f6171f566d4eb80643014ccbd.woff2","weight":"300"},"normal 400":{"ttf":"https://asset.paintserver.com/fb6b9d7181b95e76386fd0890878aa5b.ttf","woff":"https://asset.paintserver.com/e447d08f4d164f3995e7c5090a735332.woff","style":"normal","woff2":"https://asset.paintserver.com/9bd6fd3f39a88e34c897f388e6a2c50f.woff2","weight":"400"},"normal 600":{"ttf":"https://asset.paintserver.com/4978ad8ba46265ea42997c397e15898b.ttf","woff":"https://asset.paintserver.com/bc53f23f7d5dd1a5934ef4b68d7e675d.woff","style":"normal","woff2":"https://asset.paintserver.com/98983d27f1a1a9dbad0e91c1e6965800.woff2","weight":"600"},"normal 700":{"ttf":"https://asset.paintserver.com/0666784e7b6ef53f67f0c85ce779cfec.ttf","woff":"https://asset.paintserver.com/15aa9eb56fc3628ba270a5e1edf45284.woff","style":"normal","woff2":"https://asset.paintserver.com/0ac670c8d196545bda6a70fb7432e929.woff2","weight":"700"},"normal 800":{"ttf":"https://asset.paintserver.com/7573034c50612a7c19afaab05146f110.ttf","woff":"https://asset.paintserver.com/ff13574d6c313d2b2a39d578f517e100.woff","style":"normal","woff2":"https://asset.paintserver.com/4557e5db902605ded6656dc311e9f506.woff2","weight":"800"}},"preview":{"italic 300":{"url":"https://asset.paintserver.com/open-sans-300italic.png","width":170,"height":80},"italic 400":{"url":"https://asset.paintserver.com/open-sans-italic.png","width":170,"height":80},"italic 600":{"url":"https://asset.paintserver.com/open-sans-600italic.png","width":170,"height":80},"italic 700":{"url":"https://asset.paintserver.com/open-sans-700italic.png","width":170,"height":80},"italic 800":{"url":"https://asset.paintserver.com/open-sans-800italic.png","width":170,"height":80},"normal 300":{"url":"https://asset.paintserver.com/open-sans-300.png","width":170,"height":80},"normal 400":{"url":"https://asset.paintserver.com/open-sans-regular.png","width":170,"height":80},"normal 600":{"url":"https://asset.paintserver.com/open-sans-600.png","width":170,"height":80},"normal 700":{"url":"https://asset.paintserver.com/open-sans-700.png","width":170,"height":80},"normal 800":{"url":"https://asset.paintserver.com/open-sans-800.png","width":170,"height":80}},"variants":["normal 300","italic 300","normal 400","italic 400","normal 600","italic 600","normal 700","italic 700","normal 800","italic 800"],"author":[{"bio":"<p>Steve is a typeface designer based in Louisville, Colorado, who manages a global team for Monotype. With over 25 years in the business, he has designed corporate faces for Android, Citrix, Microsoft, Nextel, and Xbox. Steve frequently researches and lectures about the work of typographer Frederic Goudy, and has produced revivals of Goudy’s Bertham, Friar, and Tory Text among many others. He is a letterpress printer, musician, author, and avid cyclist.</p>\n<p><a href=\"https://twitter.com/@SteveMatteson1\" target=\"_blank\">Twitter</a></p>\n","name":"Steve Matteson","imageUrl":"https://lh3.googleusercontent.com/sBRywRZboBbowOoU0atcuOZLCe4IHhCoKbLm5M_LNs-qlziJnk4Ndsrslw"}],"defaultVariant":"normal 300"},{"id":3085,"type":["clipart"],"key":"a0bb491346bc291bdf02c30b66d19492","title":"Mic icon","value":{"url":"https://asset.paintserver.com/a0bb491346bc291bdf02c30b66d19492.svg"},"preview":{"url":"https://asset.paintserver.com/a0bb491346bc291bdf02c30b66d19492-160x160.png","width":80,"height":80},"variants":[""],"author":[{"url":"https://openclipart.org/user-detail/Upacesky","name":"Upacesky"}],"tags":["app","audio","icon","mic","microphone","music","recording"],"featured":0,"defaultVariant":""}],"layers":[{"name":"background","type":"rectangle","clampToDoc":true,"selectable":false,"stickTo":"back","stretchTo":"edge","fill":{"type":"color","method":"fill","blend":"normal","enabled":true,"opacity":1,"color":"#ffffff"},"bbox":{"x":0,"y":0,"width":1165,"height":800,"rotation":0,"padding":0,"scale":{"x":1,"y":1},"units":"userSpaceOnUse"},"id":"fbbc9c86-eecc-41f7-a491-b742615b518d","idx":0},{"cutout":0,"roundness":0,"blend":"source-over","opacity":1,"type":"rectangle","usePointInImageData":true,"usePointInPath":false,"fill":{"type":"color","method":"fill","blend":"normal","enabled":true,"opacity":0,"color":"#000000","gradient":{"type":"linearGradient","noise":0,"spreadMethod":"pad","stops":[{"color":"#b5bdc8","offset":0},{"color":"#6e7881","offset":0.5},{"color":"#28343b","offset":1}],"x0":0,"y0":0.5,"x1":1,"y1":0.5}},"stroke":{"type":"color","method":"stroke","blend":"normal","enabled":true,"opacity":1,"lineDash":"none","lineDashOffset":0,"lineCap":"round","lineJoin":"miter","lineWidth":2,"miterLimit":4,"alignment":"center","color":"black"},"bbox":{"x":63,"y":36,"width":907,"height":611,"rotation":0,"padding":0,"scale":{"x":1,"y":1},"units":"userSpaceOnUse"},"id":"5c006b9d-226c-47b9-a551-fe04b1bf9c79","idx":1,"pointerId":"you_65580","highRes":false},{"cutout":0,"roundness":0,"blend":"source-over","idx":2,"opacity":1,"pointerId":"you_65691","type":"rectangle","usePointInImageData":true,"usePointInPath":false,"fill":{"type":"color","method":"fill","blend":"normal","enabled":true,"opacity":0,"color":"#000000","gradient":{"type":"linearGradient","noise":0,"spreadMethod":"pad","stops":[{"color":"#b5bdc8","offset":0},{"color":"#6e7881","offset":0.5},{"color":"#28343b","offset":1}],"x0":0,"y0":0.5,"x1":1,"y1":0.5}},"stroke":{"type":"color","method":"stroke","blend":"normal","enabled":true,"opacity":1,"lineDash":"none","lineDashOffset":0,"lineCap":"round","lineJoin":"miter","lineWidth":2,"miterLimit":4,"alignment":"center","color":"#000000"},"bbox":{"x":63,"y":36,"width":909,"height":52,"rotation":0,"padding":0,"scale":{"x":0.9978118161925602,"y":0.9978118161925602},"units":"userSpaceOnUse"},"id":"419f5d0f-958b-4956-8fa1-dede62f98c3e","highRes":false},{"curved":false,"diameter":35,"iteration":1,"blend":"source-over","opacity":1,"seed":1925961026,"type":"arrow","usePointInImageData":true,"usePointInPath":false,"fill":{"type":"gradient","method":"fill","blend":"normal","enabled":true,"opacity":0,"gradient":{"type":"linearGradient","noise":0,"spreadMethod":"pad","stops":[{"color":"#b5bdc8","offset":0},{"color":"#6e7881","offset":0.5},{"color":"#28343b","offset":1}],"x0":0,"y0":0.5,"x1":1,"y1":0.5},"color":"#000000"},"stroke":{"type":"color","method":"stroke","blend":"normal","enabled":true,"opacity":1,"lineDash":"none","lineDashOffset":0,"lineCap":"round","lineJoin":"miter","lineWidth":1,"miterLimit":4,"alignment":"center","color":"#000000"},"bbox":{"x":1040.2291304711114,"y":353.639384545622,"width":141.08094940473848,"height":38,"rotation":-3.129827022542721,"padding":19,"scale":{"x":0.5206687492145349,"y":1},"units":"userSpaceOnUse"},"id":"eea980dc-137e-48c6-aab0-63241439567e","idx":3,"pointerId":"you_65711","data":[{"x":0,"y":0,"cmd":"M"},{"x":103.08094940473848,"y":0,"cmd":"L"}],"pathHash":662227748,"highRes":false},{"curved":false,"diameter":35,"iteration":1,"blend":"source-over","idx":4,"opacity":1,"pointerId":"you_65715","seed":1,"type":"arrow","usePointInImageData":true,"usePointInPath":false,"fill":{"type":"gradient","method":"fill","blend":"normal","enabled":true,"opacity":0,"gradient":{"type":"linearGradient","noise":0,"spreadMethod":"pad","stops":[{"color":"#b5bdc8","offset":0},{"color":"#6e7881","offset":0.5},{"color":"#28343b","offset":1}],"x0":0,"y0":0.5,"x1":1,"y1":0.5},"color":"#000000"},"stroke":{"type":"color","method":"stroke","blend":"normal","enabled":true,"opacity":1,"lineDash":"none","lineDashOffset":0,"lineCap":"round","lineJoin":"miter","lineWidth":1,"miterLimit":4,"alignment":"center","color":"#000000"},"bbox":{"x":1061.000324383092,"y":80.72921372252256,"width":89.92834066272962,"height":38.000000000000014,"rotation":3.137776850082758,"padding":19,"scale":{"x":1,"y":1},"units":"userSpaceOnUse"},"id":"7f667aa8-3b84-4470-8256-9b793a5be3dd","data":[{"x":0,"y":0,"cmd":"M"},{"x":51.928340662729624,"y":1.4210854715202004e-14,"cmd":"L"}],"pathHash":2361514287},{"content":"Header","fitText":true,"fontFamily":"open-sans","fontSize":20.875,"fontStyle":"normal","fontVariant":"normal","fontWeight":"normal","letterSpacing":0,"lineHeight":1,"textAlign":"center","textDecoration":"none","textTransform":"none","whiteSpace":"pre-wrap","wordSpacing":0,"blend":"normal","idx":5,"opacity":1,"pointerId":"you_65719","type":"fancyText","usePointInImageData":true,"usePointInPath":false,"fill":{"type":"color","method":"fill","blend":"normal","enabled":true,"opacity":1,"color":"#000000"},"stroke":{"type":"color","method":"stroke","blend":"normal","enabled":false,"opacity":1,"lineDash":"none","lineDashOffset":0,"lineCap":"round","lineJoin":"miter","lineWidth":1,"miterLimit":4,"alignment":"center","color":"#ff0000"},"bbox":{"x":1073,"y":47,"width":70,"height":34,"rotation":0,"padding":0,"scale":{"x":1,"y":1},"units":"userSpaceOnUse"},"id":"3054b52a-2e91-4cc1-8ae5-fedd3e121644","highRes":false},{"content":"Main Page","fitText":true,"fontFamily":"open-sans","fontSize":23,"fontStyle":"normal","fontVariant":"normal","fontWeight":"normal","letterSpacing":0,"lineHeight":1,"textAlign":"center","textDecoration":"none","textTransform":"none","whiteSpace":"pre-wrap","wordSpacing":0,"blend":"normal","idx":6,"opacity":1,"pointerId":"you_65722","type":"fancyText","usePointInImageData":true,"usePointInPath":false,"fill":{"type":"color","method":"fill","blend":"normal","enabled":true,"opacity":1,"color":"#000000"},"stroke":{"type":"color","method":"stroke","blend":"normal","enabled":false,"opacity":1,"lineDash":"none","lineDashOffset":0,"lineCap":"round","lineJoin":"miter","lineWidth":1,"miterLimit":4,"alignment":"center","color":"#ff0000"},"bbox":{"x":1035,"y":321,"width":130,"height":27,"rotation":0,"padding":0,"scale":{"x":1,"y":1},"units":"userSpaceOnUse"},"id":"100dca33-9f20-4f73-ba76-69ee60641404","highRes":false},{"content":"Github","fitText":true,"fontFamily":"open-sans","fontSize":28.875,"fontStyle":"normal","fontVariant":"normal","fontWeight":"normal","letterSpacing":0,"lineHeight":1,"textAlign":"center","textDecoration":"none","textTransform":"none","whiteSpace":"pre-wrap","wordSpacing":0,"blend":"normal","idx":7,"opacity":1,"pointerId":"you_65740","type":"fancyText","usePointInImageData":true,"usePointInPath":false,"fill":{"type":"color","method":"fill","blend":"normal","enabled":true,"opacity":1,"color":"#000000"},"stroke":{"type":"color","method":"stroke","blend":"normal","enabled":false,"opacity":1,"lineDash":"none","lineDashOffset":0,"lineCap":"round","lineJoin":"miter","lineWidth":1,"miterLimit":4,"alignment":"center","color":"#ff0000"},"bbox":{"x":742,"y":44,"width":158,"height":34,"rotation":0,"padding":0,"scale":{"x":1,"y":1},"units":"userSpaceOnUse"},"id":"dc790018-9fbe-47ff-986f-8e10c408c6e8","highRes":false},{"content":"LinkedIn\n\n","fitText":true,"fontFamily":"open-sans","fontSize":26.875,"fontStyle":"normal","fontVariant":"normal","fontWeight":"normal","letterSpacing":0,"lineHeight":1,"textAlign":"center","textDecoration":"none","textTransform":"none","whiteSpace":"pre-wrap","wordSpacing":0,"blend":"normal","idx":8,"opacity":1,"pointerId":"you_65743","type":"fancyText","usePointInImageData":true,"usePointInPath":false,"fill":{"type":"color","method":"fill","blend":"normal","enabled":true,"opacity":1,"color":"#000000"},"stroke":{"type":"color","method":"stroke","blend":"normal","enabled":false,"opacity":1,"lineDash":"none","lineDashOffset":0,"lineCap":"round","lineJoin":"miter","lineWidth":1,"miterLimit":4,"alignment":"center","color":"#ff0000"},"bbox":{"x":595,"y":46,"width":164,"height":31,"rotation":0,"padding":0,"scale":{"x":1,"y":1},"units":"userSpaceOnUse"},"id":"14ba767e-77eb-408c-88f4-44e5b37e22e6","highRes":false},{"cutout":0,"roundness":0,"blend":"source-over","idx":9,"opacity":1,"pointerId":"you_65821","type":"rectangle","usePointInImageData":true,"usePointInPath":false,"fill":{"type":"color","method":"fill","blend":"normal","enabled":true,"opacity":0,"color":"#000000","gradient":{"type":"linearGradient","noise":0,"spreadMethod":"pad","stops":[{"color":"#b5bdc8","offset":0},{"color":"#6e7881","offset":0.5},{"color":"#28343b","offset":1}],"x0":0,"y0":0.5,"x1":1,"y1":0.5}},"stroke":{"type":"color","method":"stroke","blend":"normal","enabled":true,"opacity":1,"lineDash":"none","lineDashOffset":0,"lineCap":"round","lineJoin":"miter","lineWidth":2,"miterLimit":4,"alignment":"center","color":"#000000"},"bbox":{"x":63,"y":36.5490105326187,"width":149,"height":555,"rotation":0,"padding":0,"scale":{"x":1.3471125771101888,"y":1.0999307931064775},"units":"userSpaceOnUse"},"id":"cb1c0a07-1f2e-43df-b96c-ff8d023049f4","highRes":false},{"cutout":0,"roundness":0,"bbox":{"x":716,"y":88,"width":149,"height":555,"rotation":0,"padding":0,"scale":{"x":1.7041917046755315,"y":1.0072263075796644},"units":"userSpaceOnUse"},"blend":"source-over","id":"947f146b-3fba-4f37-bffc-81dbe5ee76d8","idx":10,"opacity":1,"pointerId":"you_65821","type":"rectangle","usePointInImageData":true,"usePointInPath":false,"stroke":{"type":"color","method":"stroke","blend":"normal","enabled":true,"opacity":1,"lineDash":"none","lineDashOffset":0,"lineCap":"round","lineJoin":"miter","lineWidth":2,"miterLimit":4,"alignment":"center","color":"#000000"},"highRes":false},{"cutout":0,"roundness":0,"bbox":{"x":264,"y":617,"width":149,"height":555,"rotation":0,"padding":0,"scale":{"x":3.0321531324433715,"y":0.053779713448701395},"units":"userSpaceOnUse"},"blend":"source-over","id":"6a5c3422-f655-45f7-82d6-59f82d715865","idx":11,"opacity":1,"pointerId":"you_65821","type":"rectangle","usePointInImageData":true,"usePointInPath":false,"stroke":{"type":"color","method":"stroke","blend":"normal","enabled":true,"opacity":1,"lineDash":"none","lineDashOffset":0,"lineCap":"round","lineJoin":"miter","lineWidth":2,"miterLimit":4,"alignment":"center","color":"#000000"},"highRes":false},{"cutout":0,"roundness":0,"blend":"source-over","idx":12,"opacity":1,"pointerId":"you_65877","type":"rectangle","usePointInImageData":true,"usePointInPath":false,"fill":{"type":"color","method":"fill","blend":"normal","enabled":true,"opacity":0,"color":"#000000","gradient":{"type":"linearGradient","noise":0,"spreadMethod":"pad","stops":[{"color":"#b5bdc8","offset":0},{"color":"#6e7881","offset":0.5},{"color":"#28343b","offset":1}],"x0":0,"y0":0.5,"x1":1,"y1":0.5}},"stroke":{"type":"color","method":"stroke","blend":"normal","enabled":true,"opacity":1,"lineDash":"none","lineDashOffset":0,"lineCap":"round","lineJoin":"miter","lineWidth":2,"miterLimit":4,"alignment":"center","color":"black"},"bbox":{"x":78,"y":98,"width":170,"height":30,"rotation":0,"padding":0,"scale":{"x":1,"y":1},"units":"userSpaceOnUse"},"id":"a3a5196d-ccc4-4776-bded-013fa74cc773","highRes":false},{"content":"Search","fitText":true,"fontFamily":"open-sans","fontSize":24,"fontStyle":"normal","fontVariant":"normal","fontWeight":"normal","letterSpacing":0,"lineHeight":1,"textAlign":"center","textDecoration":"none","textTransform":"none","whiteSpace":"pre-wrap","wordSpacing":0,"blend":"normal","idx":13,"opacity":1,"pointerId":"you_65885","type":"fancyText","usePointInImageData":true,"usePointInPath":false,"fill":{"type":"color","method":"fill","blend":"normal","enabled":true,"opacity":1,"color":"#000000"},"stroke":{"type":"color","method":"stroke","blend":"normal","enabled":false,"opacity":1,"lineDash":"none","lineDashOffset":0,"lineCap":"round","lineJoin":"miter","lineWidth":1,"miterLimit":4,"alignment":"center","color":"#ff0000"},"bbox":{"x":79,"y":99,"width":169,"height":28,"rotation":0,"padding":0,"scale":{"x":1,"y":1},"units":"userSpaceOnUse"},"id":"9095e06f-50cc-4489-9000-6201ed2c707d","highRes":false},{"cutout":0,"roundness":0,"blend":"source-over","idx":14,"opacity":1,"pointerId":"you_65924","type":"rectangle","usePointInImageData":true,"usePointInPath":false,"fill":{"type":"color","method":"fill","blend":"normal","enabled":true,"opacity":0,"color":"#000000","gradient":{"type":"linearGradient","noise":0,"spreadMethod":"pad","stops":[{"color":"#b5bdc8","offset":0},{"color":"#6e7881","offset":0.5},{"color":"#28343b","offset":1}],"x0":0,"y0":0.5,"x1":1,"y1":0.5}},"stroke":{"type":"color","method":"stroke","blend":"normal","enabled":true,"opacity":1,"lineDash":"none","lineDashOffset":0,"lineCap":"round","lineJoin":"miter","lineWidth":2,"miterLimit":4,"alignment":"center","color":"#000000"},"bbox":{"x":63,"y":173,"width":199,"height":53,"rotation":0,"padding":0,"scale":{"x":1.0097560975609756,"y":1},"units":"userSpaceOnUse"},"id":"8f93ce09-aa7a-46d2-8fb3-123e679d5d8a","highRes":false},{"cutout":0,"roundness":0,"bbox":{"x":63,"y":226,"width":199,"height":53,"rotation":0,"padding":0,"scale":{"x":1.0097560975609756,"y":1},"units":"userSpaceOnUse"},"blend":"source-over","id":"779df6e5-0717-422b-820d-25068f9da48a","idx":15,"opacity":1,"pointerId":"you_65924","type":"rectangle","usePointInImageData":true,"usePointInPath":false,"stroke":{"type":"color","method":"stroke","blend":"normal","enabled":true,"opacity":1,"lineDash":"none","lineDashOffset":0,"lineCap":"round","lineJoin":"miter","lineWidth":2,"miterLimit":4,"alignment":"center","color":"#000000"},"highRes":false},{"cutout":0,"roundness":0,"bbox":{"x":63,"y":279,"width":199,"height":53,"rotation":0,"padding":0,"scale":{"x":1.0097560975609756,"y":1},"units":"userSpaceOnUse"},"blend":"source-over","id":"7f578c72-45e0-4742-963b-8d23a430f5e3","idx":16,"opacity":1,"pointerId":"you_65924","type":"rectangle","usePointInImageData":true,"usePointInPath":false,"stroke":{"type":"color","method":"stroke","blend":"normal","enabled":true,"opacity":1,"lineDash":"none","lineDashOffset":0,"lineCap":"round","lineJoin":"miter","lineWidth":2,"miterLimit":4,"alignment":"center","color":"#000000"},"highRes":false},{"cutout":0,"roundness":0,"bbox":{"x":63,"y":332,"width":199,"height":53,"rotation":0,"padding":0,"scale":{"x":1.0097560975609756,"y":1},"units":"userSpaceOnUse"},"blend":"source-over","id":"d4ee36af-25a8-4254-bca6-7a614c7decf9","idx":17,"opacity":1,"pointerId":"you_65924","type":"rectangle","usePointInImageData":true,"usePointInPath":false,"stroke":{"type":"color","method":"stroke","blend":"normal","enabled":true,"opacity":1,"lineDash":"none","lineDashOffset":0,"lineCap":"round","lineJoin":"miter","lineWidth":2,"miterLimit":4,"alignment":"center","color":"#000000"},"highRes":false},{"cutout":0,"roundness":0,"bbox":{"x":63,"y":385,"width":199,"height":53,"rotation":0,"padding":0,"scale":{"x":1.0097560975609756,"y":1},"units":"userSpaceOnUse"},"blend":"source-over","id":"606a7331-aa47-4c77-936a-61cf0bb02ba5","idx":18,"opacity":1,"pointerId":"you_65924","type":"rectangle","usePointInImageData":true,"usePointInPath":false,"stroke":{"type":"color","method":"stroke","blend":"normal","enabled":true,"opacity":1,"lineDash":"none","lineDashOffset":0,"lineCap":"round","lineJoin":"miter","lineWidth":2,"miterLimit":4,"alignment":"center","color":"#000000"},"highRes":false},{"cutout":0,"roundness":0,"bbox":{"x":63,"y":438,"width":199,"height":53,"rotation":0,"padding":0,"scale":{"x":1.0097560975609756,"y":1},"units":"userSpaceOnUse"},"blend":"source-over","id":"edcb5dfc-fd5f-4aa7-9282-ad1d804a1b21","idx":19,"opacity":1,"pointerId":"you_65924","type":"rectangle","usePointInImageData":true,"usePointInPath":false,"stroke":{"type":"color","method":"stroke","blend":"normal","enabled":true,"opacity":1,"lineDash":"none","lineDashOffset":0,"lineCap":"round","lineJoin":"miter","lineWidth":2,"miterLimit":4,"alignment":"center","color":"#000000"},"highRes":false},{"cutout":0,"roundness":0,"bbox":{"x":63,"y":491,"width":199,"height":53,"rotation":0,"padding":0,"scale":{"x":1.0097560975609756,"y":1},"units":"userSpaceOnUse"},"blend":"source-over","id":"477bb3a4-6e88-4762-b409-b2a3655a2626","idx":20,"opacity":1,"pointerId":"you_65924","type":"rectangle","usePointInImageData":true,"usePointInPath":false,"stroke":{"type":"color","method":"stroke","blend":"normal","enabled":true,"opacity":1,"lineDash":"none","lineDashOffset":0,"lineCap":"round","lineJoin":"miter","lineWidth":2,"miterLimit":4,"alignment":"center","color":"#000000"},"highRes":false},{"cutout":0,"roundness":0,"bbox":{"x":63,"y":544,"width":199,"height":53,"rotation":0,"padding":0,"scale":{"x":1.0097560975609756,"y":1},"units":"userSpaceOnUse"},"blend":"source-over","id":"aea0249b-47b5-4f0d-affc-3d5fc7ab7687","idx":21,"opacity":1,"pointerId":"you_65924","type":"rectangle","usePointInImageData":true,"usePointInPath":false,"stroke":{"type":"color","method":"stroke","blend":"normal","enabled":true,"opacity":1,"lineDash":"none","lineDashOffset":0,"lineCap":"round","lineJoin":"miter","lineWidth":2,"miterLimit":4,"alignment":"center","color":"#000000"},"highRes":false},{"cutout":0,"blend":"source-over","opacity":1,"type":"circle","usePointInImageData":true,"usePointInPath":false,"fill":{"type":"color","method":"fill","blend":"normal","enabled":true,"opacity":0,"color":"#000000","gradient":{"type":"linearGradient","noise":0,"spreadMethod":"pad","stops":[{"color":"#b5bdc8","offset":0},{"color":"#6e7881","offset":0.5},{"color":"#28343b","offset":1}],"x0":0,"y0":0.5,"x1":1,"y1":0.5}},"stroke":{"type":"color","method":"stroke","blend":"normal","enabled":true,"opacity":1,"lineDash":"none","lineDashOffset":0,"lineCap":"round","lineJoin":"miter","lineWidth":2,"miterLimit":4,"alignment":"center","color":"black"},"bbox":{"x":63,"y":200,"width":33.94112549695428,"height":33.94112549695428,"rotation":-0.7853981633974483,"padding":0,"scale":{"x":1,"y":1},"units":"userSpaceOnUse"},"id":"69cf46a7-4c44-443e-bbe5-cdb34bf225a2","idx":22,"pointerId":"you_65946","highRes":false},{"cutout":0,"bbox":{"x":63,"y":253,"width":33.94112549695428,"height":33.94112549695428,"rotation":-0.7853981633974483,"padding":0,"scale":{"x":1,"y":1},"units":"userSpaceOnUse"},"blend":"source-over","id":"cbc4bf99-9aa0-47f7-bad1-0923da187b82","idx":23,"opacity":1,"pointerId":"you_65946","type":"circle","usePointInImageData":true,"usePointInPath":false,"stroke":{"type":"color","method":"stroke","blend":"normal","enabled":true,"opacity":1,"lineDash":"none","lineDashOffset":0,"lineCap":"round","lineJoin":"miter","lineWidth":2,"miterLimit":4,"alignment":"center","color":"#000000"},"highRes":false},{"cutout":0,"bbox":{"x":63,"y":306,"width":33.94112549695428,"height":33.94112549695428,"rotation":-0.7853981633974483,"padding":0,"scale":{"x":1,"y":1},"units":"userSpaceOnUse"},"blend":"source-over","id":"37e1646c-a9fe-47f0-b9b0-164bdfa4f39c","idx":24,"opacity":1,"pointerId":"you_65946","type":"circle","usePointInImageData":true,"usePointInPath":false,"stroke":{"type":"color","method":"stroke","blend":"normal","enabled":true,"opacity":1,"lineDash":"none","lineDashOffset":0,"lineCap":"round","lineJoin":"miter","lineWidth":2,"miterLimit":4,"alignment":"center","color":"#000000"},"highRes":false},{"cutout":0,"bbox":{"x":63,"y":359,"width":33.94112549695428,"height":33.94112549695428,"rotation":-0.7853981633974483,"padding":0,"scale":{"x":1,"y":1},"units":"userSpaceOnUse"},"blend":"source-over","id":"64220292-9cac-408c-92b9-8363a086e2ed","idx":25,"opacity":1,"pointerId":"you_65946","type":"circle","usePointInImageData":true,"usePointInPath":false,"stroke":{"type":"color","method":"stroke","blend":"normal","enabled":true,"opacity":1,"lineDash":"none","lineDashOffset":0,"lineCap":"round","lineJoin":"miter","lineWidth":2,"miterLimit":4,"alignment":"center","color":"#000000"},"highRes":false},{"cutout":0,"bbox":{"x":63,"y":412,"width":33.94112549695428,"height":33.94112549695428,"rotation":-0.7853981633974483,"padding":0,"scale":{"x":1,"y":1},"units":"userSpaceOnUse"},"blend":"source-over","id":"658f5200-7d2f-4c59-8678-530b3ebdb6fb","idx":26,"opacity":1,"pointerId":"you_65946","type":"circle","usePointInImageData":true,"usePointInPath":false,"stroke":{"type":"color","method":"stroke","blend":"normal","enabled":true,"opacity":1,"lineDash":"none","lineDashOffset":0,"lineCap":"round","lineJoin":"miter","lineWidth":2,"miterLimit":4,"alignment":"center","color":"#000000"},"highRes":false},{"cutout":0,"bbox":{"x":63,"y":465,"width":33.94112549695428,"height":33.94112549695428,"rotation":-0.7853981633974483,"padding":0,"scale":{"x":1,"y":1},"units":"userSpaceOnUse"},"blend":"source-over","id":"9fc36645-8c83-486b-8353-dea2c0c112a5","idx":27,"opacity":1,"pointerId":"you_65946","type":"circle","usePointInImageData":true,"usePointInPath":false,"stroke":{"type":"color","method":"stroke","blend":"normal","enabled":true,"opacity":1,"lineDash":"none","lineDashOffset":0,"lineCap":"round","lineJoin":"miter","lineWidth":2,"miterLimit":4,"alignment":"center","color":"#000000"},"highRes":false},{"cutout":0,"bbox":{"x":63,"y":518,"width":33.94112549695428,"height":33.94112549695428,"rotation":-0.7853981633974483,"padding":0,"scale":{"x":1,"y":1},"units":"userSpaceOnUse"},"blend":"source-over","id":"da4ea0f4-9a17-45cb-bdac-7eff142132eb","idx":28,"opacity":1,"pointerId":"you_65946","type":"circle","usePointInImageData":true,"usePointInPath":false,"stroke":{"type":"color","method":"stroke","blend":"normal","enabled":true,"opacity":1,"lineDash":"none","lineDashOffset":0,"lineCap":"round","lineJoin":"miter","lineWidth":2,"miterLimit":4,"alignment":"center","color":"#000000"},"highRes":false},{"cutout":0,"bbox":{"x":63,"y":568,"width":33.94112549695428,"height":33.94112549695428,"rotation":-0.7853981633974483,"padding":0,"scale":{"x":1,"y":1},"units":"userSpaceOnUse"},"blend":"source-over","id":"71542ccf-9dd4-44b8-b9ab-a0f86178a88b","idx":29,"opacity":1,"pointerId":"you_65946","type":"circle","usePointInImageData":true,"usePointInPath":false,"stroke":{"type":"color","method":"stroke","blend":"normal","enabled":true,"opacity":1,"lineDash":"none","lineDashOffset":0,"lineCap":"round","lineJoin":"miter","lineWidth":2,"miterLimit":4,"alignment":"center","color":"#000000"},"highRes":false},{"cutout":0,"bbox":{"x":63,"y":623,"width":33.94112549695428,"height":33.94112549695428,"rotation":-0.7853981633974483,"padding":0,"scale":{"x":1,"y":1},"units":"userSpaceOnUse"},"blend":"source-over","id":"bc58caa9-8520-4349-b26b-600046e8b8b4","idx":30,"opacity":1,"pointerId":"you_65946","type":"circle","usePointInImageData":true,"usePointInPath":false,"stroke":{"type":"color","method":"stroke","blend":"normal","enabled":true,"opacity":1,"lineDash":"none","lineDashOffset":0,"lineCap":"round","lineJoin":"miter","lineWidth":2,"miterLimit":4,"alignment":"center","color":"#000000"},"highRes":false},{"content":"Friend","fitText":true,"fontFamily":"open-sans","fontSize":26.875,"fontStyle":"normal","fontVariant":"normal","fontWeight":"normal","letterSpacing":0,"lineHeight":1,"textAlign":"center","textDecoration":"none","textTransform":"none","whiteSpace":"pre-wrap","wordSpacing":0,"blend":"normal","idx":31,"opacity":1,"pointerId":"you_65975","type":"fancyText","usePointInImageData":true,"usePointInPath":false,"fill":{"type":"color","method":"fill","blend":"normal","enabled":true,"opacity":1,"color":"#000000"},"stroke":{"type":"color","method":"stroke","blend":"normal","enabled":false,"opacity":1,"lineDash":"none","lineDashOffset":0,"lineCap":"round","lineJoin":"miter","lineWidth":1,"miterLimit":4,"alignment":"center","color":"#ff0000"},"bbox":{"x":117,"y":187,"width":133,"height":31,"rotation":0,"padding":0,"scale":{"x":1,"y":1},"units":"userSpaceOnUse"},"id":"b76980c5-b2a9-47e3-8824-7ff37e26ee3f","highRes":false},{"content":"Friend","fitText":true,"fontFamily":"open-sans","fontSize":26.875,"fontStyle":"normal","fontVariant":"normal","fontWeight":"normal","letterSpacing":0,"lineHeight":1,"textAlign":"center","textDecoration":"none","textTransform":"none","whiteSpace":"pre-wrap","wordSpacing":0,"bbox":{"x":117,"y":238,"width":133,"height":31,"rotation":0,"padding":0,"scale":{"x":1,"y":1},"units":"userSpaceOnUse"},"blend":"normal","id":"47ea4902-17a1-4645-953f-4351f709fea5","idx":32,"opacity":1,"pointerId":"you_65975","type":"fancyText","usePointInImageData":true,"usePointInPath":false,"fill":{"type":"color","method":"fill","blend":"normal","enabled":true,"opacity":1,"color":"#000000"},"highRes":false},{"content":"Friend","fitText":true,"fontFamily":"open-sans","fontSize":26.875,"fontStyle":"normal","fontVariant":"normal","fontWeight":"normal","letterSpacing":0,"lineHeight":1,"textAlign":"center","textDecoration":"none","textTransform":"none","whiteSpace":"pre-wrap","wordSpacing":0,"bbox":{"x":117,"y":396,"width":133,"height":31,"rotation":0,"padding":0,"scale":{"x":1,"y":1},"units":"userSpaceOnUse"},"blend":"normal","id":"a0a4cba2-c937-468e-aef3-2947250bb338","idx":33,"opacity":1,"pointerId":"you_65975","type":"fancyText","usePointInImageData":true,"usePointInPath":false,"fill":{"type":"color","method":"fill","blend":"normal","enabled":true,"opacity":1,"color":"#000000"},"highRes":false},{"content":"Friend","fitText":true,"fontFamily":"open-sans","fontSize":26.875,"fontStyle":"normal","fontVariant":"normal","fontWeight":"normal","letterSpacing":0,"lineHeight":1,"textAlign":"center","textDecoration":"none","textTransform":"none","whiteSpace":"pre-wrap","wordSpacing":0,"bbox":{"x":115,"y":555,"width":133,"height":31,"rotation":0,"padding":0,"scale":{"x":1,"y":1},"units":"userSpaceOnUse"},"blend":"normal","id":"dfba3de0-0255-401e-8644-07c9dfad5c13","idx":34,"opacity":1,"pointerId":"you_65975","type":"fancyText","usePointInImageData":true,"usePointInPath":false,"fill":{"type":"color","method":"fill","blend":"normal","enabled":true,"opacity":1,"color":"#000000"},"highRes":false},{"content":"Message\n\n","fitText":true,"fontFamily":"open-sans","fontSize":15.875,"fontStyle":"normal","fontVariant":"normal","fontWeight":"normal","letterSpacing":0,"lineHeight":1,"textAlign":"center","textDecoration":"none","textTransform":"none","whiteSpace":"pre-wrap","wordSpacing":0,"blend":"normal","idx":35,"opacity":1,"pointerId":"you_65990","type":"fancyText","usePointInImageData":true,"usePointInPath":false,"fill":{"type":"color","method":"fill","blend":"normal","enabled":true,"opacity":1,"color":"#000000"},"stroke":{"type":"color","method":"stroke","blend":"normal","enabled":false,"opacity":1,"lineDash":"none","lineDashOffset":0,"lineCap":"round","lineJoin":"miter","lineWidth":1,"miterLimit":4,"alignment":"center","color":"#ff0000"},"bbox":{"x":217,"y":623,"width":172,"height":18,"rotation":0,"padding":0,"scale":{"x":1,"y":1},"units":"userSpaceOnUse"},"id":"b20a69ee-30e3-45b4-857b-b829c275e8a0","highRes":false},{"content":"+","fitText":true,"fontFamily":"open-sans","fontSize":32.875,"fontStyle":"normal","fontVariant":"normal","fontWeight":"normal","letterSpacing":0,"lineHeight":1,"textAlign":"center","textDecoration":"none","textTransform":"none","whiteSpace":"pre-wrap","wordSpacing":0,"blend":"normal","idx":36,"opacity":1,"pointerId":"you_66002","type":"fancyText","usePointInImageData":true,"usePointInPath":false,"fill":{"type":"color","method":"fill","blend":"normal","enabled":true,"opacity":1,"color":"#000000"},"stroke":{"type":"color","method":"stroke","blend":"normal","enabled":false,"opacity":1,"lineDash":"none","lineDashOffset":0,"lineCap":"round","lineJoin":"miter","lineWidth":1,"miterLimit":4,"alignment":"center","color":"#ff0000"},"bbox":{"x":217,"y":43,"width":44,"height":38,"rotation":0,"padding":0,"scale":{"x":1,"y":1},"units":"userSpaceOnUse"},"id":"76e13601-2fa0-499b-a27b-5834c66023bc","highRes":false},{"content":"*\n\n","fitText":true,"fontFamily":"open-sans","fontSize":34.875,"fontStyle":"normal","fontVariant":"normal","fontWeight":"normal","letterSpacing":0,"lineHeight":1,"textAlign":"center","textDecoration":"none","textTransform":"none","whiteSpace":"pre-wrap","wordSpacing":0,"blend":"normal","idx":37,"opacity":1,"pointerId":"you_66005","type":"fancyText","usePointInImageData":true,"usePointInPath":false,"fill":{"type":"color","method":"fill","blend":"normal","enabled":true,"opacity":1,"color":"#000000"},"stroke":{"type":"color","method":"stroke","blend":"normal","enabled":false,"opacity":1,"lineDash":"none","lineDashOffset":0,"lineCap":"round","lineJoin":"miter","lineWidth":1,"miterLimit":4,"alignment":"center","color":"#ff0000"},"bbox":{"x":55,"y":48,"width":48,"height":40,"rotation":0,"padding":0,"scale":{"x":1,"y":1},"units":"userSpaceOnUse"},"id":"76a11d1b-5184-4520-8eb3-ddb2c7f74fa7","highRes":false},{"curved":false,"diameter":35,"iteration":1,"blend":"source-over","idx":38,"opacity":1,"pointerId":"you_66016","seed":1358327735,"type":"arrow","usePointInImageData":true,"usePointInPath":false,"fill":{"type":"gradient","method":"fill","blend":"normal","enabled":true,"opacity":0,"gradient":{"type":"linearGradient","noise":0,"spreadMethod":"pad","stops":[{"color":"#b5bdc8","offset":0},{"color":"#6e7881","offset":0.5},{"color":"#28343b","offset":1}],"x0":0,"y0":0.5,"x1":1,"y1":0.5},"color":"#000000"},"stroke":{"type":"color","method":"stroke","blend":"normal","enabled":true,"opacity":1,"lineDash":"none","lineDashOffset":0,"lineCap":"round","lineJoin":"miter","lineWidth":1,"miterLimit":4,"alignment":"center","color":"#000000"},"bbox":{"x":137.44337624607584,"y":84.20804864227796,"width":47.834867292729314,"height":38,"rotation":-3.025653574581244,"padding":19,"scale":{"x":1,"y":1},"units":"userSpaceOnUse"},"id":"670545a9-6b85-4680-ac7d-c2df39fa1439","data":[{"x":0,"y":0,"cmd":"M"},{"x":9.834867292729314,"y":0,"cmd":"L"}],"pathHash":2935924886},{"curved":false,"diameter":35,"iteration":1,"blend":"source-over","idx":39,"opacity":1,"pointerId":"you_66017","seed":1107981938,"type":"arrow","usePointInImageData":true,"usePointInPath":false,"fill":{"type":"gradient","method":"fill","blend":"normal","enabled":true,"opacity":0,"gradient":{"type":"linearGradient","noise":0,"spreadMethod":"pad","stops":[{"color":"#b5bdc8","offset":0},{"color":"#6e7881","offset":0.5},{"color":"#28343b","offset":1}],"x0":0,"y0":0.5,"x1":1,"y1":0.5},"color":"#000000"},"stroke":{"type":"color","method":"stroke","blend":"normal","enabled":true,"opacity":1,"lineDash":"none","lineDashOffset":0,"lineCap":"round","lineJoin":"miter","lineWidth":1,"miterLimit":4,"alignment":"center","color":"#000000"},"bbox":{"x":301.5633909260095,"y":77.11093363015655,"width":48,"height":38,"rotation":3.1112324553858777,"padding":19,"scale":{"x":1,"y":1},"units":"userSpaceOnUse"},"id":"3bcb87e0-ba4c-4a6c-a12c-a82ce3da53f6","data":[{"x":0,"y":0,"cmd":"M"},{"x":10,"y":0,"cmd":"L"}],"pathHash":2809006357},{"content":"Logout\n\n","fitText":true,"fontFamily":"open-sans","fontSize":21.875,"fontStyle":"normal","fontVariant":"normal","fontWeight":"normal","letterSpacing":0,"lineHeight":1,"textAlign":"center","textDecoration":"none","textTransform":"none","whiteSpace":"pre-wrap","wordSpacing":0,"blend":"normal","idx":40,"opacity":1,"pointerId":"you_66019","type":"fancyText","usePointInImageData":true,"usePointInPath":false,"fill":{"type":"color","method":"fill","blend":"normal","enabled":true,"opacity":1,"color":"#000000"},"stroke":{"type":"color","method":"stroke","blend":"normal","enabled":false,"opacity":1,"lineDash":"none","lineDashOffset":0,"lineCap":"round","lineJoin":"miter","lineWidth":1,"miterLimit":4,"alignment":"center","color":"#ff0000"},"bbox":{"x":139,"y":51,"width":76,"height":25,"rotation":0,"padding":0,"scale":{"x":1,"y":1},"units":"userSpaceOnUse"},"id":"0a200262-e7db-4faf-9d4c-3e836093d078","highRes":false},{"content":"New Convo","fitText":true,"fontFamily":"open-sans","fontSize":17.875,"fontStyle":"normal","fontVariant":"normal","fontWeight":"normal","letterSpacing":0,"lineHeight":1,"textAlign":"center","textDecoration":"none","textTransform":"none","whiteSpace":"pre-wrap","wordSpacing":0,"blend":"normal","idx":41,"opacity":1,"pointerId":"you_66021","type":"fancyText","usePointInImageData":true,"usePointInPath":false,"fill":{"type":"color","method":"fill","blend":"normal","enabled":true,"opacity":1,"color":"#000000"},"stroke":{"type":"color","method":"stroke","blend":"normal","enabled":false,"opacity":1,"lineDash":"none","lineDashOffset":0,"lineCap":"round","lineJoin":"miter","lineWidth":1,"miterLimit":4,"alignment":"center","color":"#ff0000"},"bbox":{"x":306,"y":52,"width":93.8,"height":28.119999999999997,"rotation":0,"padding":0,"scale":{"x":1,"y":1},"units":"userSpaceOnUse"},"id":"c91572b7-472b-4756-9893-823bfb8483ed","highRes":false},{"content":"Name\n\n","fitText":true,"fontFamily":"open-sans","fontSize":22.875,"fontStyle":"normal","fontVariant":"normal","fontWeight":"normal","letterSpacing":0,"lineHeight":1,"textAlign":"center","textDecoration":"none","textTransform":"none","whiteSpace":"pre-wrap","wordSpacing":0,"blend":"normal","idx":42,"opacity":1,"pointerId":"you_66025","type":"fancyText","usePointInImageData":true,"usePointInPath":false,"fill":{"type":"color","method":"fill","blend":"normal","enabled":true,"opacity":1,"color":"#000000"},"stroke":{"type":"color","method":"stroke","blend":"normal","enabled":false,"opacity":1,"lineDash":"none","lineDashOffset":0,"lineCap":"round","lineJoin":"miter","lineWidth":1,"miterLimit":4,"alignment":"center","color":"#ff0000"},"bbox":{"x":442,"y":56,"width":116,"height":26,"rotation":0,"padding":0,"scale":{"x":1,"y":1},"units":"userSpaceOnUse"},"id":"6431e2e5-f5da-4ff5-b29c-c98e0af1ae60","highRes":false},{"curved":false,"diameter":35,"iteration":1,"blend":"source-over","idx":43,"opacity":1,"pointerId":"you_66030","seed":1731172612,"type":"arrow","usePointInImageData":true,"usePointInPath":false,"fill":{"type":"gradient","method":"fill","blend":"normal","enabled":true,"opacity":0,"gradient":{"type":"linearGradient","noise":0,"spreadMethod":"pad","stops":[{"color":"#b5bdc8","offset":0},{"color":"#6e7881","offset":0.5},{"color":"#28343b","offset":1}],"x0":0,"y0":0.5,"x1":1,"y1":0.5},"color":"#000000"},"stroke":{"type":"color","method":"stroke","blend":"normal","enabled":true,"opacity":1,"lineDash":"none","lineDashOffset":0,"lineCap":"round","lineJoin":"miter","lineWidth":1,"miterLimit":4,"alignment":"center","color":"#000000"},"bbox":{"x":572.5917584004378,"y":378.7548815386992,"width":115.54384171152083,"height":38,"rotation":3.139054350661169,"padding":19,"scale":{"x":1,"y":1},"units":"userSpaceOnUse"},"id":"d1b14cd0-5933-4c48-846d-ec944ce01cd5","data":[{"x":0,"y":0,"cmd":"M"},{"x":77.54384171152083,"y":0,"cmd":"L"}],"pathHash":1105147710},{"content":"MessagesListItem\n\n","fitText":true,"fontFamily":"open-sans","fontSize":16,"fontStyle":"normal","fontVariant":"normal","fontWeight":"normal","letterSpacing":0,"lineHeight":1,"textAlign":"center","textDecoration":"none","textTransform":"none","whiteSpace":"pre-wrap","wordSpacing":0,"blend":"normal","idx":44,"opacity":1,"pointerId":"you_66032","type":"fancyText","usePointInImageData":true,"usePointInPath":false,"fill":{"type":"color","method":"fill","blend":"normal","enabled":true,"opacity":1,"color":"#000000"},"stroke":{"type":"color","method":"stroke","blend":"normal","enabled":false,"opacity":1,"lineDash":"none","lineDashOffset":0,"lineCap":"round","lineJoin":"miter","lineWidth":1,"miterLimit":4,"alignment":"center","color":"#ff0000"},"bbox":{"x":574,"y":348,"width":132.6818181818182,"height":23.1111111111111,"rotation":0,"padding":0,"scale":{"x":1,"y":1},"units":"userSpaceOnUse"},"id":"f6601cd6-0314-44b8-8661-508b42a68e38","highRes":false},{"cutout":0,"roundness":0,"blend":"source-over","idx":45,"opacity":1,"pointerId":"you_66054","type":"rectangle","usePointInImageData":true,"usePointInPath":false,"fill":{"type":"color","method":"fill","blend":"normal","enabled":true,"opacity":0,"color":"#000000","gradient":{"type":"linearGradient","noise":0,"spreadMethod":"pad","stops":[{"color":"#b5bdc8","offset":0},{"color":"#6e7881","offset":0.5},{"color":"#28343b","offset":1}],"x0":0,"y0":0.5,"x1":1,"y1":0.5}},"stroke":{"type":"color","method":"stroke","blend":"normal","enabled":true,"opacity":1,"lineDash":"none","lineDashOffset":0,"lineCap":"round","lineJoin":"miter","lineWidth":2,"miterLimit":4,"alignment":"center","color":"black"},"bbox":{"x":281,"y":512,"width":179,"height":35,"rotation":0,"padding":0,"scale":{"x":1,"y":1},"units":"userSpaceOnUse"},"id":"721f83e4-f6c5-4ff9-8349-8d448c8f5f75"},{"cutout":0,"roundness":0,"blend":"source-over","idx":46,"opacity":1,"pointerId":"you_66055","type":"rectangle","usePointInImageData":true,"usePointInPath":false,"fill":{"type":"color","method":"fill","blend":"normal","enabled":true,"opacity":0,"color":"#000000","gradient":{"type":"linearGradient","noise":0,"spreadMethod":"pad","stops":[{"color":"#b5bdc8","offset":0},{"color":"#6e7881","offset":0.5},{"color":"#28343b","offset":1}],"x0":0,"y0":0.5,"x1":1,"y1":0.5}},"stroke":{"type":"color","method":"stroke","blend":"normal","enabled":true,"opacity":1,"lineDash":"none","lineDashOffset":0,"lineCap":"round","lineJoin":"miter","lineWidth":2,"miterLimit":4,"alignment":"center","color":"black"},"bbox":{"x":281,"y":253,"width":154,"height":26,"rotation":0,"padding":0,"scale":{"x":1,"y":1},"units":"userSpaceOnUse"},"id":"ea425546-9959-48f6-b7d4-3f87f46dfca7"},{"cutout":0,"roundness":0,"blend":"source-over","idx":47,"opacity":1,"pointerId":"you_66056","type":"rectangle","usePointInImageData":true,"usePointInPath":false,"fill":{"type":"color","method":"fill","blend":"normal","enabled":true,"opacity":0,"color":"#000000","gradient":{"type":"linearGradient","noise":0,"spreadMethod":"pad","stops":[{"color":"#b5bdc8","offset":0},{"color":"#6e7881","offset":0.5},{"color":"#28343b","offset":1}],"x0":0,"y0":0.5,"x1":1,"y1":0.5}},"stroke":{"type":"color","method":"stroke","blend":"normal","enabled":true,"opacity":1,"lineDash":"none","lineDashOffset":0,"lineCap":"round","lineJoin":"miter","lineWidth":2,"miterLimit":4,"alignment":"center","color":"black"},"bbox":{"x":280,"y":339,"width":164,"height":29,"rotation":0,"padding":0,"scale":{"x":1,"y":1},"units":"userSpaceOnUse"},"id":"c1d8c1e9-d225-4cee-a64d-3251801bab01"},{"cutout":0,"roundness":0,"blend":"source-over","idx":48,"opacity":1,"pointerId":"you_66057","type":"rectangle","usePointInImageData":true,"usePointInPath":false,"fill":{"type":"color","method":"fill","blend":"normal","enabled":true,"opacity":0,"color":"#000000","gradient":{"type":"linearGradient","noise":0,"spreadMethod":"pad","stops":[{"color":"#b5bdc8","offset":0},{"color":"#6e7881","offset":0.5},{"color":"#28343b","offset":1}],"x0":0,"y0":0.5,"x1":1,"y1":0.5}},"stroke":{"type":"color","method":"stroke","blend":"normal","enabled":true,"opacity":1,"lineDash":"none","lineDashOffset":0,"lineCap":"round","lineJoin":"miter","lineWidth":2,"miterLimit":4,"alignment":"center","color":"black"},"bbox":{"x":525,"y":146,"width":155,"height":30,"rotation":0,"padding":0,"scale":{"x":1,"y":1},"units":"userSpaceOnUse"},"id":"c7347e10-f05f-4d56-a3c5-6e30c0bdc265"},{"cutout":0,"roundness":0,"blend":"source-over","idx":49,"opacity":1,"pointerId":"you_66058","type":"rectangle","usePointInImageData":true,"usePointInPath":false,"fill":{"type":"color","method":"fill","blend":"normal","enabled":true,"opacity":0,"color":"#000000","gradient":{"type":"linearGradient","noise":0,"spreadMethod":"pad","stops":[{"color":"#b5bdc8","offset":0},{"color":"#6e7881","offset":0.5},{"color":"#28343b","offset":1}],"x0":0,"y0":0.5,"x1":1,"y1":0.5}},"stroke":{"type":"color","method":"stroke","blend":"normal","enabled":true,"opacity":1,"lineDash":"none","lineDashOffset":0,"lineCap":"round","lineJoin":"miter","lineWidth":2,"miterLimit":4,"alignment":"center","color":"black"},"bbox":{"x":560,"y":433,"width":127,"height":26,"rotation":0,"padding":0,"scale":{"x":1,"y":1},"units":"userSpaceOnUse"},"id":"77e05c6e-cd42-4ccc-8247-5381b2a596c3"},{"curved":false,"diameter":35,"iteration":1,"blend":"source-over","idx":50,"opacity":1,"pointerId":"you_66071","seed":105301341,"type":"arrow","usePointInImageData":true,"usePointInPath":false,"fill":{"type":"gradient","method":"fill","blend":"normal","enabled":true,"opacity":0,"gradient":{"type":"linearGradient","noise":0,"spreadMethod":"pad","stops":[{"color":"#b5bdc8","offset":0},{"color":"#6e7881","offset":0.5},{"color":"#28343b","offset":1}],"x0":0,"y0":0.5,"x1":1,"y1":0.5},"color":"#000000"},"stroke":{"type":"color","method":"stroke","blend":"normal","enabled":true,"opacity":1,"lineDash":"none","lineDashOffset":0,"lineCap":"round","lineJoin":"miter","lineWidth":1,"miterLimit":4,"alignment":"center","color":"#000000"},"bbox":{"x":817.0526157058799,"y":310.2083488696942,"width":100.87292417360766,"height":38,"rotation":3.1319340613221627,"padding":19,"scale":{"x":1,"y":1},"units":"userSpaceOnUse"},"id":"4c31f1e2-b184-4dd9-821c-f05da774a024","data":[{"x":0,"y":0,"cmd":"M"},{"x":62.87292417360766,"y":0,"cmd":"L"}],"pathHash":50716760},{"content":"Messages\n\n","fitText":true,"fontFamily":"open-sans","fontSize":16.875,"fontStyle":"normal","fontVariant":"normal","fontWeight":"normal","letterSpacing":0,"lineHeight":1,"textAlign":"center","textDecoration":"none","textTransform":"none","whiteSpace":"pre-wrap","wordSpacing":0,"blend":"normal","idx":51,"opacity":1,"pointerId":"you_66073","type":"fancyText","usePointInImageData":true,"usePointInPath":false,"fill":{"type":"color","method":"fill","blend":"normal","enabled":true,"opacity":1,"color":"#000000"},"stroke":{"type":"color","method":"stroke","blend":"normal","enabled":false,"opacity":1,"lineDash":"none","lineDashOffset":0,"lineCap":"round","lineJoin":"miter","lineWidth":1,"miterLimit":4,"alignment":"center","color":"#ff0000"},"bbox":{"x":821,"y":278,"width":106,"height":19,"rotation":0,"padding":0,"scale":{"x":1,"y":1},"units":"userSpaceOnUse"},"id":"09ea7142-0e9d-4c04-8a5b-5dca10a5a1e3","highRes":false},{"curved":false,"diameter":35,"iteration":1,"blend":"source-over","idx":52,"opacity":1,"pointerId":"you_66076","seed":1568685283,"type":"arrow","usePointInImageData":true,"usePointInPath":false,"fill":{"type":"gradient","method":"fill","blend":"normal","enabled":true,"opacity":0,"gradient":{"type":"linearGradient","noise":0,"spreadMethod":"pad","stops":[{"color":"#b5bdc8","offset":0},{"color":"#6e7881","offset":0.5},{"color":"#28343b","offset":1}],"x0":0,"y0":0.5,"x1":1,"y1":0.5},"color":"#000000"},"stroke":{"type":"color","method":"stroke","blend":"normal","enabled":true,"opacity":1,"lineDash":"none","lineDashOffset":0,"lineCap":"round","lineJoin":"miter","lineWidth":1,"miterLimit":4,"alignment":"center","color":"#000000"},"bbox":{"x":323.51394782287394,"y":218.81119079426836,"width":59.90065095914048,"height":38,"rotation":-3.1216659091422168,"padding":19,"scale":{"x":1.3075106866147423,"y":1},"units":"userSpaceOnUse"},"id":"0b80fad7-2f71-4a35-b2d4-9fae6b945920","data":[{"x":0,"y":0,"cmd":"M"},{"x":21.900650959140478,"y":0,"cmd":"L"}],"pathHash":1322135144,"highRes":false},{"content":"FriendsListItem","fitText":true,"fontFamily":"open-sans","fontSize":15,"fontStyle":"normal","fontVariant":"normal","fontWeight":"normal","letterSpacing":0,"lineHeight":1,"textAlign":"center","textDecoration":"none","textTransform":"none","whiteSpace":"pre-wrap","wordSpacing":0,"blend":"normal","idx":53,"opacity":1,"pointerId":"you_66078","type":"fancyText","usePointInImageData":true,"usePointInPath":false,"fill":{"type":"color","method":"fill","blend":"normal","enabled":true,"opacity":1,"color":"#000000"},"stroke":{"type":"color","method":"stroke","blend":"normal","enabled":false,"opacity":1,"lineDash":"none","lineDashOffset":0,"lineCap":"round","lineJoin":"miter","lineWidth":1,"miterLimit":4,"alignment":"center","color":"#ff0000"},"bbox":{"x":324,"y":190,"width":106,"height":20,"rotation":0,"padding":0,"scale":{"x":1,"y":1},"units":"userSpaceOnUse"},"id":"033d31e9-9b15-4133-9b9c-8d3ae19d6a59","highRes":false},{"curved":false,"diameter":35,"iteration":1,"blend":"source-over","idx":54,"opacity":1,"pointerId":"you_66091","seed":1568685283,"type":"arrow","usePointInImageData":true,"usePointInPath":false,"fill":{"type":"gradient","method":"fill","blend":"normal","enabled":true,"opacity":0,"gradient":{"type":"linearGradient","noise":0,"spreadMethod":"pad","stops":[{"color":"#b5bdc8","offset":0},{"color":"#6e7881","offset":0.5},{"color":"#28343b","offset":1}],"x0":0,"y0":0.5,"x1":1,"y1":0.5},"color":"#000000"},"stroke":{"type":"color","method":"stroke","blend":"normal","enabled":true,"opacity":1,"lineDash":"none","lineDashOffset":0,"lineCap":"round","lineJoin":"miter","lineWidth":1,"miterLimit":4,"alignment":"center","color":"#000000"},"bbox":{"x":394.06407693293926,"y":474.53147394458495,"width":125.98192415572436,"height":38,"rotation":3.1372148534463524,"padding":19,"scale":{"x":1,"y":1},"units":"userSpaceOnUse"},"id":"3c69db9c-c0d1-4c4a-98de-efca896c614b","data":[{"x":0,"y":0,"cmd":"M"},{"x":87.98192415572436,"y":0,"cmd":"L"}],"pathHash":3355663519},{"content":"Friends","fitText":true,"fontFamily":"open-sans","fontSize":22.875,"fontStyle":"normal","fontVariant":"normal","fontWeight":"normal","letterSpacing":0,"lineHeight":1,"textAlign":"center","textDecoration":"none","textTransform":"none","whiteSpace":"pre-wrap","wordSpacing":0,"blend":"normal","idx":55,"opacity":1,"pointerId":"you_66093","type":"fancyText","usePointInImageData":true,"usePointInPath":false,"fill":{"type":"color","method":"fill","blend":"normal","enabled":true,"opacity":1,"color":"#000000"},"stroke":{"type":"color","method":"stroke","blend":"normal","enabled":false,"opacity":1,"lineDash":"none","lineDashOffset":0,"lineCap":"round","lineJoin":"miter","lineWidth":1,"miterLimit":4,"alignment":"center","color":"#ff0000"},"bbox":{"x":399,"y":443,"width":101,"height":26,"rotation":0,"padding":0,"scale":{"x":1,"y":1},"units":"userSpaceOnUse"},"id":"01710e4d-3042-4e74-b487-3daeb22660a6","highRes":false},{"iteration":1,"blend":"source-over","opacity":1,"seed":1,"type":"polyline","usePointInImageData":true,"usePointInPath":false,"fill":{"type":"gradient","method":"fill","blend":"normal","enabled":false,"opacity":0,"gradient":{"type":"linearGradient","noise":0,"spreadMethod":"pad","stops":[{"color":"#b5bdc8","offset":0},{"color":"#6e7881","offset":0.5},{"color":"#28343b","offset":1}],"x0":0,"y0":0.5,"x1":1,"y1":0.5},"color":"#000000"},"stroke":{"type":"color","method":"stroke","blend":"normal","enabled":true,"opacity":1,"lineDash":"none","lineDashOffset":0,"lineCap":"round","lineJoin":"miter","lineWidth":1,"miterLimit":4,"alignment":"center","color":"#000000"},"bbox":{"x":716,"y":332,"width":258,"height":3,"rotation":0,"padding":1,"scale":{"x":0.9732824427480916,"y":0.9732824427480916},"units":"userSpaceOnUse"},"id":"526f3b9d-6f8d-4629-acea-110191a98805","idx":56,"pointerId":"you_66103","data":[{"x":0,"y":0,"cmd":"M","bbox":{"x1":705,"x2":719,"y1":326,"y2":340,"hovered":false},"hovered":false},{"x":256,"y":1,"cmd":"L","bbox":{"x1":705,"x2":975,"y1":326,"y2":341,"hovered":false},"hovered":false}],"pathHash":3686132772,"highRes":false},{"curved":false,"diameter":35,"iteration":1,"blend":"source-over","idx":57,"opacity":1,"pointerId":"you_66119","seed":1925961026,"type":"arrow","usePointInImageData":true,"usePointInPath":false,"fill":{"type":"gradient","method":"fill","blend":"normal","enabled":true,"opacity":0,"gradient":{"type":"linearGradient","noise":0,"spreadMethod":"pad","stops":[{"color":"#b5bdc8","offset":0},{"color":"#6e7881","offset":0.5},{"color":"#28343b","offset":1}],"x0":0,"y0":0.5,"x1":1,"y1":0.5},"color":"#000000"},"stroke":{"type":"color","method":"stroke","blend":"normal","enabled":true,"opacity":1,"lineDash":"none","lineDashOffset":0,"lineCap":"round","lineJoin":"miter","lineWidth":1,"miterLimit":4,"alignment":"center","color":"#000000"},"bbox":{"x":1031.0779204248242,"y":628.9335946001161,"width":161.59268003332454,"height":38,"rotation":-2.0146815737240367,"padding":19,"scale":{"x":1,"y":1},"units":"userSpaceOnUse"},"id":"b6946566-f59b-404c-996c-789e09928792","data":[{"x":0,"y":0,"cmd":"M"},{"x":123.59268003332454,"y":0,"cmd":"L"}],"pathHash":1779117166},{"content":"FriendInfo","fitText":true,"fontFamily":"open-sans","fontSize":15.875,"fontStyle":"normal","fontVariant":"normal","fontWeight":"normal","letterSpacing":0,"lineHeight":1,"textAlign":"center","textDecoration":"none","textTransform":"none","whiteSpace":"pre-wrap","wordSpacing":0,"blend":"normal","idx":58,"opacity":1,"pointerId":"you_66121","type":"fancyText","usePointInImageData":true,"usePointInPath":false,"fill":{"type":"color","method":"fill","blend":"normal","enabled":true,"opacity":1,"color":"#000000"},"stroke":{"type":"color","method":"stroke","blend":"normal","enabled":false,"opacity":1,"lineDash":"none","lineDashOffset":0,"lineCap":"round","lineJoin":"miter","lineWidth":1,"miterLimit":4,"alignment":"center","color":"#ff0000"},"bbox":{"x":982,"y":624,"width":148,"height":18,"rotation":0,"padding":0,"scale":{"x":1,"y":1},"units":"userSpaceOnUse"},"id":"1136e48e-02d2-4617-af48-f35716c1eeef","highRes":false},{"curved":false,"diameter":35,"iteration":1,"blend":"source-over","idx":59,"opacity":1,"pointerId":"you_66124","seed":323474912,"type":"arrow","usePointInImageData":true,"usePointInPath":false,"fill":{"type":"gradient","method":"fill","blend":"normal","enabled":true,"opacity":0,"gradient":{"type":"linearGradient","noise":0,"spreadMethod":"pad","stops":[{"color":"#b5bdc8","offset":0},{"color":"#6e7881","offset":0.5},{"color":"#28343b","offset":1}],"x0":0,"y0":0.5,"x1":1,"y1":0.5},"color":"#000000"},"stroke":{"type":"color","method":"stroke","blend":"normal","enabled":true,"opacity":1,"lineDash":"none","lineDashOffset":0,"lineCap":"round","lineJoin":"miter","lineWidth":1,"miterLimit":4,"alignment":"center","color":"#000000"},"bbox":{"x":1040,"y":166,"width":101.99491087989918,"height":38,"rotation":-3.136166250890627,"padding":19,"scale":{"x":1,"y":1},"units":"userSpaceOnUse"},"id":"deaaaa33-a6a4-489a-a672-908ca184a014","data":[{"x":0,"y":0,"cmd":"M"},{"x":63.99491087989918,"y":0,"cmd":"L"}],"pathHash":1442478228,"highRes":false},{"curved":false,"diameter":35,"iteration":1,"blend":"source-over","idx":60,"opacity":1,"pointerId":"you_66125","seed":1657647342,"type":"arrow","usePointInImageData":true,"usePointInPath":false,"fill":{"type":"gradient","method":"fill","blend":"normal","enabled":true,"opacity":0,"gradient":{"type":"linearGradient","noise":0,"spreadMethod":"pad","stops":[{"color":"#b5bdc8","offset":0},{"color":"#6e7881","offset":0.5},{"color":"#28343b","offset":1}],"x0":0,"y0":0.5,"x1":1,"y1":0.5},"color":"#000000"},"stroke":{"type":"color","method":"stroke","blend":"normal","enabled":true,"opacity":1,"lineDash":"none","lineDashOffset":0,"lineCap":"round","lineJoin":"miter","lineWidth":1,"miterLimit":4,"alignment":"center","color":"#000000"},"bbox":{"x":1035.825023572705,"y":447.53007803400266,"width":133.09040316963137,"height":38,"rotation":-3.1281661377103154,"padding":19,"scale":{"x":1,"y":1},"units":"userSpaceOnUse"},"id":"52ba2e86-9e3f-4515-8b07-da87bbdb7a3c","data":[{"x":0,"y":0,"cmd":"M"},{"x":95.09040316963137,"y":0,"cmd":"L"}],"pathHash":617447478},{"content":"FriendInfoProfile","fitText":true,"fontFamily":"open-sans","fontSize":14,"fontStyle":"normal","fontVariant":"normal","fontWeight":"normal","letterSpacing":0,"lineHeight":1,"textAlign":"center","textDecoration":"none","textTransform":"none","whiteSpace":"pre-wrap","wordSpacing":0,"blend":"normal","idx":61,"opacity":1,"pointerId":"you_66127","type":"fancyText","usePointInImageData":true,"usePointInPath":false,"fill":{"type":"color","method":"fill","blend":"normal","enabled":true,"opacity":1,"color":"#000000"},"stroke":{"type":"color","method":"stroke","blend":"normal","enabled":false,"opacity":1,"lineDash":"none","lineDashOffset":0,"lineCap":"round","lineJoin":"miter","lineWidth":1,"miterLimit":4,"alignment":"center","color":"#ff0000"},"bbox":{"x":1041,"y":133,"width":106.64705882352946,"height":28.444444444444457,"rotation":0,"padding":0,"scale":{"x":1,"y":1},"units":"userSpaceOnUse"},"id":"5b9850a5-0576-4fcb-849b-904d20ba57a4","highRes":false},{"content":"FriendInfoPictures","fitText":true,"fontFamily":"open-sans","fontSize":13.875,"fontStyle":"normal","fontVariant":"normal","fontWeight":"normal","letterSpacing":0,"lineHeight":1,"textAlign":"center","textDecoration":"none","textTransform":"none","whiteSpace":"pre-wrap","wordSpacing":0,"blend":"normal","idx":62,"opacity":1,"pointerId":"you_66130","type":"fancyText","usePointInImageData":true,"usePointInPath":false,"fill":{"type":"color","method":"fill","blend":"normal","enabled":true,"opacity":1,"color":"#000000"},"stroke":{"type":"color","method":"stroke","blend":"normal","enabled":false,"opacity":1,"lineDash":"none","lineDashOffset":0,"lineCap":"round","lineJoin":"miter","lineWidth":1,"miterLimit":4,"alignment":"center","color":"#ff0000"},"bbox":{"x":1035,"y":419,"width":115.31250000000003,"height":25.45454545454546,"rotation":0,"padding":0,"scale":{"x":1,"y":1},"units":"userSpaceOnUse"},"id":"1b55aabb-bbdb-4eff-aac9-7aa24e039bd4","highRes":false},{"cutout":0,"roundness":0,"blend":"source-over","opacity":1,"type":"square","usePointInImageData":true,"usePointInPath":false,"fill":{"type":"color","method":"fill","blend":"normal","enabled":true,"opacity":0,"color":"#000000","gradient":{"type":"linearGradient","noise":0,"spreadMethod":"pad","stops":[{"color":"#b5bdc8","offset":0},{"color":"#6e7881","offset":0.5},{"color":"#28343b","offset":1}],"x0":0,"y0":0.5,"x1":1,"y1":0.5}},"stroke":{"type":"color","method":"stroke","blend":"normal","enabled":true,"opacity":1,"lineDash":"none","lineDashOffset":0,"lineCap":"round","lineJoin":"miter","lineWidth":2,"miterLimit":4,"alignment":"center","color":"#000000"},"bbox":{"x":788,"y":348,"width":58,"height":58,"rotation":1.5707963267948966,"padding":0,"scale":{"x":1,"y":1},"units":"userSpaceOnUse"},"id":"7699fccd-1e74-43bb-ba1f-f66e1c3ee213","idx":63,"pointerId":"you_66142","highRes":false},{"cutout":0,"roundness":0,"bbox":{"x":788,"y":428,"width":58,"height":58,"rotation":1.5707963267948966,"padding":0,"scale":{"x":1,"y":1},"units":"userSpaceOnUse"},"blend":"source-over","id":"b44cd475-be92-45c0-acb3-5037c55630c4","idx":64,"opacity":1,"pointerId":"you_66142","type":"square","usePointInImageData":true,"usePointInPath":false,"stroke":{"type":"color","method":"stroke","blend":"normal","enabled":true,"opacity":1,"lineDash":"none","lineDashOffset":0,"lineCap":"round","lineJoin":"miter","lineWidth":2,"miterLimit":4,"alignment":"center","color":"#000000"},"highRes":false},{"cutout":0,"roundness":0,"bbox":{"x":871,"y":348,"width":58,"height":58,"rotation":1.5707963267948966,"padding":0,"scale":{"x":1,"y":1},"units":"userSpaceOnUse"},"blend":"source-over","id":"2b22357b-b11a-4f3e-a9de-de466654e855","idx":65,"opacity":1,"pointerId":"you_66142","type":"square","usePointInImageData":true,"usePointInPath":false,"stroke":{"type":"color","method":"stroke","blend":"normal","enabled":true,"opacity":1,"lineDash":"none","lineDashOffset":0,"lineCap":"round","lineJoin":"miter","lineWidth":2,"miterLimit":4,"alignment":"center","color":"#000000"},"highRes":false},{"cutout":0,"roundness":0,"bbox":{"x":875,"y":428,"width":58,"height":58,"rotation":1.5707963267948966,"padding":0,"scale":{"x":1,"y":1},"units":"userSpaceOnUse"},"blend":"source-over","id":"13bf9bcc-5fb2-4177-b984-e0d465b91a1d","idx":66,"opacity":1,"pointerId":"you_66142","type":"square","usePointInImageData":true,"usePointInPath":false,"stroke":{"type":"color","method":"stroke","blend":"normal","enabled":true,"opacity":1,"lineDash":"none","lineDashOffset":0,"lineCap":"round","lineJoin":"miter","lineWidth":2,"miterLimit":4,"alignment":"center","color":"#000000"},"highRes":false},{"cutout":0,"roundness":0,"bbox":{"x":788,"y":510,"width":58,"height":58,"rotation":1.5707963267948966,"padding":0,"scale":{"x":1,"y":1},"units":"userSpaceOnUse"},"blend":"source-over","id":"07746f34-d525-425e-9f8c-f8859a6019f4","idx":67,"opacity":1,"pointerId":"you_66142","type":"square","usePointInImageData":true,"usePointInPath":false,"stroke":{"type":"color","method":"stroke","blend":"normal","enabled":true,"opacity":1,"lineDash":"none","lineDashOffset":0,"lineCap":"round","lineJoin":"miter","lineWidth":2,"miterLimit":4,"alignment":"center","color":"#000000"},"highRes":false},{"cutout":0,"roundness":0,"bbox":{"x":875,"y":510,"width":58,"height":58,"rotation":1.5707963267948966,"padding":0,"scale":{"x":1,"y":1},"units":"userSpaceOnUse"},"blend":"source-over","id":"7ee2820a-f054-40a4-b674-df7164488c39","idx":68,"opacity":1,"pointerId":"you_66142","type":"square","usePointInImageData":true,"usePointInPath":false,"stroke":{"type":"color","method":"stroke","blend":"normal","enabled":true,"opacity":1,"lineDash":"none","lineDashOffset":0,"lineCap":"round","lineJoin":"miter","lineWidth":2,"miterLimit":4,"alignment":"center","color":"#000000"},"highRes":false},{"content":"FriendInfoPicturesItem","fitText":true,"fontFamily":"open-sans","fontSize":14,"fontStyle":"normal","fontVariant":"normal","fontWeight":"normal","letterSpacing":0,"lineHeight":1,"textAlign":"center","textDecoration":"none","textTransform":"none","whiteSpace":"pre-wrap","wordSpacing":0,"blend":"normal","idx":69,"opacity":1,"pointerId":"you_66153","type":"fancyText","usePointInImageData":true,"usePointInPath":false,"fill":{"type":"color","method":"fill","blend":"normal","enabled":true,"opacity":1,"color":"#000000"},"stroke":{"type":"color","method":"stroke","blend":"normal","enabled":false,"opacity":1,"lineDash":"none","lineDashOffset":0,"lineCap":"round","lineJoin":"miter","lineWidth":1,"miterLimit":4,"alignment":"center","color":"#ff0000"},"bbox":{"x":739,"y":605.2499999999998,"width":151.00763358778624,"height":28.750000000000004,"rotation":0,"padding":0,"scale":{"x":1,"y":1},"units":"userSpaceOnUse"},"id":"808339b7-b44c-4004-9fa4-3c19cfcf154c","highRes":false},{"curved":false,"diameter":35,"iteration":1,"blend":"source-over","idx":70,"opacity":1,"pointerId":"you_66157","seed":1848488740,"type":"arrow","usePointInImageData":true,"usePointInPath":false,"fill":{"type":"gradient","method":"fill","blend":"normal","enabled":true,"opacity":0,"gradient":{"type":"linearGradient","noise":0,"spreadMethod":"pad","stops":[{"color":"#b5bdc8","offset":0},{"color":"#6e7881","offset":0.5},{"color":"#28343b","offset":1}],"x0":0,"y0":0.5,"x1":1,"y1":0.5},"color":"#000000"},"stroke":{"type":"color","method":"stroke","blend":"normal","enabled":true,"opacity":1,"lineDash":"none","lineDashOffset":0,"lineCap":"round","lineJoin":"miter","lineWidth":1,"miterLimit":4,"alignment":"center","color":"#000000"},"bbox":{"x":768.1865990652796,"y":605.2151634558342,"width":48,"height":38,"rotation":-1.7722387157627617,"padding":19,"scale":{"x":1,"y":1},"units":"userSpaceOnUse"},"id":"a8f1b400-68f0-4603-87ae-3f16054c871b","data":[{"x":0,"y":0,"cmd":"M"},{"x":10,"y":0,"cmd":"L"}],"pathHash":2809006357},{"cutout":0,"blend":"source-over","idx":71,"opacity":1,"pointerId":"you_66161","type":"rectangle","usePointInImageData":true,"usePointInPath":false,"fill":{"type":"color","method":"fill","blend":"normal","enabled":true,"opacity":0,"color":"#000000","gradient":{"type":"linearGradient","noise":0,"spreadMethod":"pad","stops":[{"color":"#b5bdc8","offset":0},{"color":"#6e7881","offset":0.5},{"color":"#28343b","offset":1}],"x0":0,"y0":0.5,"x1":1,"y1":0.5}},"stroke":{"type":"color","method":"stroke","blend":"normal","enabled":true,"opacity":1,"lineDash":"none","lineDashOffset":0,"lineCap":"round","lineJoin":"miter","lineWidth":2,"miterLimit":4,"alignment":"center","color":"#000000"},"bbox":{"x":717,"y":141,"width":59.39696961966999,"height":59.39696961966999,"rotation":-0.7853981633974483,"padding":0,"scale":{"x":1,"y":1},"units":"userSpaceOnUse"},"id":"c96a251a-353c-4a1b-9d1b-4c7dfc508f41","roundness":0},{"cutout":0,"roundness":0,"blend":"source-over","idx":72,"opacity":1,"pointerId":"you_66170","type":"rectangle","usePointInImageData":true,"usePointInPath":false,"fill":{"type":"color","method":"fill","blend":"normal","enabled":true,"opacity":0,"color":"#000000","gradient":{"type":"linearGradient","noise":0,"spreadMethod":"pad","stops":[{"color":"#b5bdc8","offset":0},{"color":"#6e7881","offset":0.5},{"color":"#28343b","offset":1}],"x0":0,"y0":0.5,"x1":1,"y1":0.5}},"stroke":{"type":"color","method":"stroke","blend":"normal","enabled":true,"opacity":1,"lineDash":"none","lineDashOffset":0,"lineCap":"round","lineJoin":"miter","lineWidth":2,"miterLimit":4,"alignment":"center","color":"black"},"bbox":{"x":716,"y":182,"width":255,"height":150,"rotation":0,"padding":0,"scale":{"x":0.9961389961389961,"y":1.0064102564102566},"units":"userSpaceOnUse"},"id":"7d3b6062-36ce-4f12-9e7c-79ef5ff2d78b","highRes":false},{"curved":false,"diameter":35,"iteration":1,"blend":"source-over","idx":73,"opacity":1,"pointerId":"you_66183","seed":323474912,"type":"arrow","usePointInImageData":true,"usePointInPath":false,"fill":{"type":"gradient","method":"fill","blend":"normal","enabled":true,"opacity":0,"gradient":{"type":"linearGradient","noise":0,"spreadMethod":"pad","stops":[{"color":"#b5bdc8","offset":0},{"color":"#6e7881","offset":0.5},{"color":"#28343b","offset":1}],"x0":0,"y0":0.5,"x1":1,"y1":0.5},"color":"#000000"},"stroke":{"type":"color","method":"stroke","blend":"normal","enabled":true,"opacity":1,"lineDash":"none","lineDashOffset":0,"lineCap":"round","lineJoin":"miter","lineWidth":1,"miterLimit":4,"alignment":"center","color":"#000000"},"bbox":{"x":1006.9021626119697,"y":268.21715839895927,"width":73.72303851919924,"height":38.00000000000006,"rotation":-3.1007761477659064,"padding":19,"scale":{"x":1,"y":1},"units":"userSpaceOnUse"},"id":"fe682e83-98ba-4489-9809-825446607efe","data":[{"x":0,"y":0,"cmd":"M"},{"x":35.723038519199235,"y":5.684341886080802e-14,"cmd":"L"}],"pathHash":4172270743},{"content":"FriendInfoOptions","fitText":true,"fontFamily":"open-sans","fontSize":14.875,"fontStyle":"normal","fontVariant":"normal","fontWeight":"normal","letterSpacing":0,"lineHeight":1,"textAlign":"center","textDecoration":"none","textTransform":"none","whiteSpace":"pre-wrap","wordSpacing":0,"blend":"normal","idx":74,"opacity":1,"pointerId":"you_66185","type":"fancyText","usePointInImageData":true,"usePointInPath":false,"fill":{"type":"color","method":"fill","blend":"normal","enabled":true,"opacity":1,"color":"#000000"},"stroke":{"type":"color","method":"stroke","blend":"normal","enabled":false,"opacity":1,"lineDash":"none","lineDashOffset":0,"lineCap":"round","lineJoin":"miter","lineWidth":1,"miterLimit":4,"alignment":"center","color":"#ff0000"},"bbox":{"x":1014,"y":238,"width":127.27272727272734,"height":22.390243902439035,"rotation":0,"padding":0,"scale":{"x":1,"y":1},"units":"userSpaceOnUse"},"id":"7758fff1-bfa9-4eee-995b-dee413761a90","highRes":false},{"src":"#asset-a0bb491346bc291bdf02c30b66d19492","bbox":{"x":677,"y":622,"width":422.86,"height":771.2760000000001,"rotation":0,"padding":0,"scale":{"x":0.02404185499784733,"y":0.02404185499784733},"units":"userSpaceOnUse","assetWidth":422.86,"assetHeight":771.2760000000001},"blend":"normal","opacity":1,"type":"clipart","usePointInImageData":true,"usePointInPath":false,"filter":[{"cmd":"shader","id":"colorMatrix","enabled":true,"data":{"invert":0,"hue":0,"saturation":1,"tint":0,"temperature":0,"contrast":0,"brightness":0,"exposure":1,"colorize":-1,"monotone":-1,"sepia":0}}],"id":"204da2aa-fc44-4fc3-83d3-eceb942c1367","idx":75,"highRes":false},{"angle":[0,360],"cutout":0.5,"blend":"source-over","opacity":1,"type":"ring","usePointInImageData":true,"usePointInPath":false,"fill":{"type":"color","method":"fill","blend":"normal","enabled":true,"opacity":0,"color":"#000000","gradient":{"type":"linearGradient","noise":0,"spreadMethod":"pad","stops":[{"color":"#b5bdc8","offset":0},{"color":"#6e7881","offset":0.5},{"color":"#28343b","offset":1}],"x0":0,"y0":0.5,"x1":1,"y1":0.5}},"stroke":{"type":"color","method":"stroke","blend":"normal","enabled":true,"opacity":1,"lineDash":"none","lineDashOffset":0,"lineCap":"round","lineJoin":"miter","lineWidth":2,"miterLimit":4,"alignment":"center","color":"black"},"bbox":{"x":693,"y":620,"width":50,"height":50,"rotation":0,"padding":0,"scale":{"x":0.4615384615384617,"y":0.4615384615384617},"units":"userSpaceOnUse"},"id":"6d187e3e-fb86-4702-93cf-d48fad68615b","idx":76,"pointerId":"you_66212","highRes":false}]}